Price,Close,Close,High,High,Low,Low,Open,Open,Volume,Volume
Ticker,AAPL,MSFT,AAPL,MSFT,AAPL,MSFT,AAPL,MSFT,AAPL,MSFT
Date,,,,,,,,,,
2024-11-06,221.68824768066406,417.0489807128906,225.02273483375984,417.31698816741806,220.16533664224426,407.4609595048601,221.57875664968802,409.346825702744,54561100,26681800
2024-11-07,226.42620849609375,422.2598876953125,226.82436463330757,423.66931984829637,223.52970043689453,416.75125581106414,223.5894200604507,418.1408176089653,42137700,19901800
2024-11-08,226.15716552734375,419.39141845703125,227.8511489598711,423.3219017245024,225.60910803907555,418.6370719639162,226.366414165256,422.15070185689933,38328800,16891400
2024-11-11,223.4368133544922,414.8951721191406,224.90161465065876,421.6444892164841,220.7164746065314,412.90014011467326,224.20409384410638,419.37154486777723,42005600,24503300
2024-11-12,223.4368133544922,419.87774658203125,224.79200315214243,421.27724345465793,222.5698957238352,414.09120276331856,223.75568869738083,415.1333664626366,40398300,19401200
2024-11-13,224.32366943359375,422.0316162109375,225.8482560889112,426.1308158963339,221.97201694486657,415.09368189625457,223.21759527142092,418.4981461257373,48566200,21502200
2024-11-14,227.4127197265625,423.7090148925781,228.06041440281584,424.9794756745813,224.204108600429,416.87034165331505,224.2240421118748,421.83308381585454,44923900,30246900
2024-11-15,224.20408630371094,411.9076232910156,226.1172926822584,419.64948939583655,223.47667285882866,410.5577718840934,225.59912786989784,416.6917142817728,47923700,28247600
2024-11-18,227.21340942382812,412.66192626953125,228.92732633570628,415.282238255226,224.3734848929754,409.0291955453545,224.45320372664565,411.778543667536,44633700,24727000
2024-11-19,227.4724884033203,414.67681884765625,229.34584301691135,414.82569505476647,225.8582238051146,408.48329602030253,226.17708394083317,410.03166915459735,36211800,18133500
2024-11-20,228.18994140625,412.3939514160156,229.11664435033194,414.1805568244609,225.0909420304879,407.52053482530016,227.25326410482543,413.7636731421044,35169600,19191700
2024-11-21,227.71163940429688,410.6137390136719,229.34583747298603,417.4859808182417,224.9115819089953,408.04785157798557,228.07036655131708,417.2075121790912,42108300,20780200
2024-11-22,229.05685424804688,414.7211608886719,229.9038535446,415.11896888171356,227.2532593649619,408.81361962204943,227.2532593649619,409.1219230929671,38168300,24814600
2024-11-25,232.04624938964844,416.5013732910156,232.42491005721112,418.778836873561,228.92733167542056,412.58290247238904,230.64124862727573,416.09361024787086,90152800,27691100
2024-11-26,234.22850036621094,425.6510925292969,234.73670603206307,426.69537265560376,232.50462429580293,416.5610569682543,232.50462429580293,417.29700327286355,45986200,23458900
2024-11-27,234.09896850585938,420.67840576171875,234.85628986853752,424.8952553598379,232.9829351774668,419.71370546967114,233.640604190904,422.78681538537654,33498400,18332400
2024-11-29,236.490478515625,421.1458435058594,236.96877632211965,422.55809676444443,233.14236346053607,415.51677094971404,233.97938842310504,417.7942649272981,28481400,16271900
2024-12-02,238.7424774169922,428.6247863769531,239.93822952974793,430.63373653101576,236.32108052902282,419.00761775180223,236.4306920263062,419.2662066130162,48137100,20207200
2024-12-03,241.79165649414062,428.84356689453125,241.90126799408412,430.1066156030698,238.05492154808562,425.40245343840513,238.96170621081686,427.4909833141871,38861000,18302000
2024-12-04,242.150390625,435.0295715332031,243.2465056559754,437.2672755840065,240.3966217802532,430.26573974460115,242.01088645785893,430.6635477279166,44383900,26009400
2024-12-05,242.18026733398438,440.2011413574219,243.6749612569442,442.2300015529848,241.27349790971317,433.7864078777922,243.12691898237586,435.5268443828614,40033900,21697800
2024-12-06,241.98097229003906,441.1459655761719,243.7646488451358,443.66213830194334,241.2236661935451,439.35578408835863,242.0507319698173,439.8828865059849,36870600,18821000
2024-12-09,245.8771514892578,443.58251953125,246.36542364679892,445.8798931073043,240.89483838917155,438.09269688925554,240.97455722335047,440.18122659952354,44649200,19144400
2024-12-10,246.8935546875,440.9072570800781,247.33200068563022,447.16289170564096,244.47214254503118,439.1867306857862,246.0166626912396,441.96149226752044,36914800,18469500
2024-12-11,245.61807250976562,446.5363464355469,249.91282389632013,447.8889300799693,245.38887516358946,441.62334015579273,247.0828737526952,441.62334015579273,45205800,19200200
2024-12-12,247.0828857421875,447.10321044921875,247.8601253939288,453.66714837494953,244.81093690846672,446.65565750056305,246.01666340683192,446.65565750056305,32777500,20834800
2024-12-13,247.2522735595703,444.8257141113281,248.40815863747187,448.9629838704377,245.36895982515324,443.14494732322726,246.9433725816478,445.98933356109154,33155300,20177800
2024-12-16,250.15196228027344,449.1221008300781,250.49077111704125,449.70887289523523,246.7739547032778,442.84658679582157,247.11276354004562,444.82570192667384,51694800,23598800
2024-12-17,252.58334350585938,451.9764099121094,252.93211150871377,452.80189103583194,248.89643481128522,447.11314908926647,249.1953766416157,448.545282051395,51356400,22733500
2024-12-18,247.1725616455078,434.999755859375,253.38051965426092,450.17634202962637,246.86366065893745,434.6317523490202,251.26802371656945,448.8536235978926,56774100,24444500
2024-12-19,248.90640258789062,434.6416931152344,251.1085917693189,440.7580781855559,246.21595643132494,433.9355816606558,246.6245097734382,439.2066057877418,60882300,22963700
2024-12-20,253.5897979736328,434.21405029296875,254.09798847685343,441.31501544447383,244.82092317346877,426.28760397482347,247.16260139536695,430.74310199904505,147495300,64263700
2024-12-23,254.36703491210938,432.8714294433594,254.74568039470608,435.25830776300677,252.55346551957817,430.4646409959487,253.8688035675433,434.35327712310794,40858800,19152500
2024-12-24,257.28668212890625,436.9291076660156,257.2966260773909,437.1976515770788,254.386956808638,431.817212852652,254.58626151312842,432.27469051669533,23234700,7164500
2024-12-26,258.1037292480469,435.7157897949219,259.1799258751944,438.5303413291557,256.7186620602343,434.24389716434194,257.27667867815336,436.6804901261448,27237100,8194200
2024-12-27,254.68588256835938,428.1772155761719,257.78489719249416,432.8415878431465,252.16483330495137,424.020065946368,256.917949151404,432.22498090820386,42355300,18117700
2024-12-30,251.30787658691406,422.50836181640625,252.60328106925755,425.21349868579347,249.86300878941353,419.59438106008827,251.33776924994547,423.7316509986102,35557500,13158700
2024-12-31,249.5341796875,419.196533203125,252.38406352835983,424.39796256038005,248.54767617168994,418.3611273840335,251.5470385357527,423.771400608361,39480700,13246500
2025-01-02,242.9874267578125,416.2925109863281,248.21885574509324,423.74159992080814,240.96460876578237,412.5829142901712,248.0494437119358,423.2045424399656,55740700,16896500
2025-01-03,242.49916076660156,421.0364685058594,243.31625226562878,421.712745134401,241.03435939639962,417.2472919522773,242.49916076660156,418.77885425500915,40244100,16662900
2025-01-06,244.1333465576172,425.5118713378906,246.45510633108967,431.9465149926899,242.33971076643533,423.15482788109534,243.4457849039297,425.66104554069966,45045600,20573600
2025-01-07,241.3532257080078,420.0617980957031,244.681407317594,428.29654775990844,240.496267218822,418.50037065706186,242.12049100282684,426.655570865203,40856000,18139100
2025-01-08,241.84146118164062,422.2398376464844,242.84789810210984,424.6366709818625,239.20084146962273,419.2363524426034,241.06422159829904,421.145842919639,37628900,15054600
2025-01-10,236.01217651367188,416.6604919433594,239.31046533751606,422.38899347611215,232.1757893628752,412.7519459369572,239.16098682233465,422.30944402253056,61710900,20201100
2025-01-13,233.5708465576172,414.9101257324219,233.8398957390806,416.21296436365594,228.90740850459227,410.03690951971083,232.7039288898965,412.97077003054903,49630700,17604800
2025-01-14,232.45480346679688,413.3984375,235.28475371553364,417.4461724776856,231.6476711610837,408.4754763868852,233.91960476413306,415.5267269300622,39435300,16935900
2025-01-15,237.02854919433594,423.98028564453125,238.11470496290485,425.8102267141552,233.60071548412043,415.98421438422275,233.80997931617492,416.83953041233667,39832000,19637800
2025-01-16,227.4525604248047,422.25970458984375,237.1680713225123,427.1428756329152,227.22337827123218,422.07077084126166,236.51041752509497,426.35721474684357,71759100,15300000
2025-01-17,229.16647338867188,426.6854248046875,231.4682996512766,432.1056536473427,227.67177943063626,425.83013912279745,231.2989028272768,431.7177703608077,68488300,26197500
2025-01-21,221.85243225097656,426.1583251953125,223.62613445935494,428.54520356031776,218.6039696546368,423.2741792396476,223.20762199269615,427.8490471438773,98070400,26085700
2025-01-22,223.03822326660156,443.7616271972656,223.32719072748344,444.8257568157961,219.0125058897086,433.6173558153904,219.0125058897086,435.1688283301516,64126500,27803800
2025-01-23,222.8688507080078,444.2687683105469,226.2269251350915,444.3085582129765,221.51366083038826,439.08724891108926,223.94503224654224,439.58451646364995,60234800,18389300
2025-01-24,221.991943359375,441.63330078125,224.831867935065,444.20914332055247,220.6267944226493,438.987833493392,223.9848686181573,442.7272955771019,54697900,15549500
2025-01-27,229.04689025878906,432.1851806640625,231.32878288695173,432.82169771122886,223.18768539696657,421.185624630697,223.22755241503756,421.6928472557325,94863400,35647800
2025-01-28,237.4171905517578,444.7561340332031,239.3403714135585,445.9296782334323,229.99354669273774,429.02258057650255,230.03341371427896,432.22498499378844,75707600,23491700
2025-01-29,238.5133056640625,439.9126892089844,239.01153699982427,444.4378420399145,233.1822242894862,437.9932437860414,233.2918357915463,444.24887794638107,45486100,23581400
2025-01-30,236.74954223632812,412.7221374511719,239.93821947161274,420.5491243253889,236.37089679279623,410.9021514578089,237.825723654139,416.4814791520961,55658300,54586300
2025-01-31,235.16519165039062,412.7917785644531,246.31561143302469,418.39101660852566,232.61424963135997,412.64260435429605,246.31561143302469,416.69036991112364,100959800,34161900
2025-02-03,227.2034454345703,408.67437744140625,231.00994009075862,413.1398303368367,224.90161912474946,406.4267183987767,229.1764524471141,409.3506540265293,73063300,25679100
2025-02-04,231.97650146484375,410.116455078125,232.3053359547129,411.65800277159144,225.84824721606736,407.5008227766752,226.44613087124998,410.43471361041793,45067300,20532100
2025-02-05,231.64767456054688,411.0314636230469,231.84696405052938,411.5684907814938,227.46253445166022,408.1572423104593,227.72160926815613,410.0965981017129,39620300,16316700
2025-02-06,232.39501953125,413.547607421875,232.9729696905443,415.914605901032,229.61488023403817,411.73754619066034,230.47183871784506,411.73754619066034,29925300,16309800
2025-02-07,226.8247833251953,407.5107727050781,233.1722451327125,416.36212936115334,226.4560818290891,405.86979579790295,231.77720359418535,414.2040051086223,39707200,22886800
2025-02-10,227.0941162109375,409.96728515625,230.02693972945139,413.1895693646485,226.64521806905947,408.6744015876666,229.0094413336025,411.44913283343,33115600,20817900
2025-02-11,232.052001953125,409.1915283203125,234.6556296697615,410.2357780460881,227.57297502290857,407.06320861531077,227.64279618723114,407.4013772616106,53718400,18140600
2025-02-12,236.29161071777344,406.8046569824219,236.38140252594314,408.5053035519359,230.11672290007743,402.1601645834243,230.63545743654387,404.98464070295296,45243300,19121700
2025-02-13,240.94024658203125,408.2964782714844,241.74826634141837,408.75395595267076,234.99480784534867,404.1392981832616,236.33153226758247,404.7758152621338,53614100,23891700
2025-02-14,244.00274658203125,406.1979675292969,244.9504238462646,406.6753553081934,240.40156080072015,403.66191514014076,240.66092045804314,405.5614808415711,40896200,22758500
2025-02-18,243.87306213378906,407.4013977050781,244.58131995427482,408.3561429609082,241.2494791133952,404.2785427328027,243.55383619329416,405.7703454735141,48822500,21423100
2025-02-19,244.27207946777344,412.50335693359375,245.40929524371262,413.2194234967571,242.56626341463,405.4222711149816,244.06260076305156,405.6510251389108,32204200,24114200
2025-02-20,245.229736328125,414.6857604980469,246.1774135823035,417.8547165109783,243.69348816231408,411.10822380495836,244.34191013103748,413.84867949906476,32316900,23508700
2025-02-21,244.95042419433594,406.793212890625,248.08275639920348,416.59905745325864,244.6212281548445,406.4743466307379,245.34944139409683,415.8915301727366,53197400,27524800
2025-02-24,246.49664306640625,402.59783935546875,248.25234005966587,407.9491968592537,243.82317911276243,397.93408950529806,244.3319283268952,407.09219625426255,51326400,26443700
2025-02-25,246.43678283691406,396.5190124511719,249.38956194785018,400.52507980230723,244.3119941197594,395.3231955078189,247.3944454522674,399.7079184567694,48013300,29387400
2025-02-26,239.77308654785156,398.3426818847656,244.3818005030484,402.19924554396545,238.5460942392985,392.88169018272754,243.7333937698084,396.6286502127144,44433600,19619000
2025-02-27,236.72056579589844,391.1676330566406,241.86796980219768,404.33177619538384,236.48114634623442,390.80889711711075,238.82541422357912,399.87728914292836,41153600,21127400
2025-02-28,241.24948120117188,395.6121520996094,241.49887076126774,396.24994544118493,229.63790389196947,385.2283339547379,236.37142201455794,391.29719366600983,56833400,32845700
2025-03-03,237.4487762451172,387.14166259765625,243.43412542285543,397.4358274187669,235.53346633482454,384.8197626823639,241.19958958341564,397.4358274187669,47184000,23007700
2025-03-04,235.35391235351562,387.26123046875,239.4838181516717,391.21745294280987,234.10696453181083,379.67765721488945,237.1295800554318,382.06932141422595,53798100,29342900
2025-03-05,235.1643829345703,399.628173828125,235.97240266650644,400.27594221038044,228.67026910680244,387.4605594414927,234.84515699420854,387.9887187604894,47227600,23433100
2025-03-06,234.75538635253906,395.5125427246094,237.27920752401755,400.7542663515353,232.59068676229822,391.3171323240562,233.86756011302523,392.91158534383527,45170400,23304600
2025-03-07,238.4862518310547,391.9449462890625,240.78062356819368,393.42976525122566,234.1867631010968,384.20192438386283,234.53591456798168,390.9583919892802,46273600,22034100
2025-03-10,226.92454528808594,378.840576171875,235.583358769024,385.05890917094194,223.6725108894593,375.9107776446238,234.96486230654432,384.50085520495696,72071200,32840100
2025-03-11,220.30076599121094,379.1296081542969,225.2885573705892,384.6603339518935,216.91904404485373,375.6018856955347,223.26351528828414,377.6846284139058,76137400,30380200
2025-03-12,216.45018005371094,381.9397888183594,221.20853706339403,383.883033194115,214.38524243690583,377.634805186652,219.60246770742089,381.62092254273574,62547500,24253600
2025-03-13,209.1680145263672,377.45538330078125,216.31053552178076,383.9826683121219,207.9110965632093,376.139987768004,215.4227092543014,381.8301614244045,61368300,20473000
2025-03-14,212.96871948242188,387.21142578125,213.42758776028128,388.87564310802037,209.06826301296118,378.19284770158055,210.7341834889886,378.46189966674945,60107600,19952800
2025-03-17,213.4774627685547,387.3509521484375,214.69448503570536,391.3470139725856,209.4573042902151,384.23181056492524,212.78914514941675,385.35789354291256,48073400,22474300
2025-03-18,212.170654296875,382.1889343261719,214.62463892519543,386.02557849597406,210.97358751075308,379.7773502731509,213.63706605687162,385.72663184862864,42432400,19486900
2025-03-19,214.7144317626953,386.4739990234375,218.22582565599035,388.3275289171194,213.22806456968678,382.66724981244226,213.6969181399133,384.1919384194473,54385400,19185500
2025-03-20,213.5772247314453,385.4974060058594,216.9589465476154,390.4302384005767,211.70181037410745,381.9497639905121,213.46749271646212,384.40121765018193,48862900,18470500
2025-03-21,217.73703002929688,389.9020690917969,218.30563028145062,390.38038369901005,210.764092813104,381.47140919973003,211.04340788811464,381.8899648927027,94127800,39675900
2025-03-24,220.19102478027344,391.7157287597656,220.93919345594836,394.02768406346627,218.04628066528426,388.45708885622673,220.460369765545,394.02768406346627,44299500,21004500
2025-03-25,223.2036590576172,393.7885437011719,223.55281053469957,394.98436068056907,219.54262209652958,391.2773006739415,220.23093972638688,392.552857032296,34493600,15775000
2025-03-26,220.9890594482422,388.6165466308594,224.47054292972726,393.93800963918454,219.93165022699972,387.2214116418782,222.96422035625233,393.6290879777552,34466100,16108400
2025-03-27,223.30340576171875,389.2243957519531,224.4406214835582,390.87863801869304,220.0214308095873,386.05543991632794,220.84940592957574,388.7759758195498,37094800,13766800
2025-03-28,217.36793518066406,377.48529052734375,223.26350805320467,387.77945533191945,217.1484711493609,375.6217855831935,221.12873402087155,386.7330813092454,39818600,21632000
2025-03-31,221.58761596679688,374.087158203125,225.06908447075043,375.761320171641,215.7020132379398,365.96541986866765,216.48010744476517,371.2470435423123,65299300,35184700
2025-04-01,222.64501953125,380.863525390625,223.13381331282267,381.52123836039385,218.36548628233527,371.93463161723514,219.27326790744206,373.34968615477356,36412700,19689500
2025-04-02,223.3433074951172,380.813720703125,224.6401362151353,383.74348886180815,220.4803202973195,375.3128595122782,220.77959080525144,376.6581801475031,35905900,16092600
2025-04-03,202.69386291503906,371.8150329589844,206.9833664271943,376.16989155085776,200.75859747782033,368.06810346654436,205.03811566571247,373.4892252977989,103419000,30198000
2025-04-04,187.92002868652344,358.5910949707031,199.39194860307396,373.28990195338014,186.88255957870848,358.2323590249941,193.4165691841804,362.86621412703136,125910900,49209900
2025-04-07,181.0169219970703,356.61798095703125,193.6759230716255,369.7123913004176,174.19361217758157,343.5933653790687,176.76731422169505,349.66222551139305,160466300,50425000
2025-04-08,171.99899291992188,353.3294372558594,189.87523506652792,372.35317854006513,168.79683943762106,349.0343982710952,186.244123618335,366.98190125867967,120859500,35868900
2025-04-09,198.3644561767578,389.1347351074219,200.1201531468693,391.8652461990382,171.47028013366514,351.8745186247924,171.53013119082922,352.3129939705509,184395900,50199700
2025-04-10,189.95504760742188,380.0264587402344,194.30440235729913,382.56759631800514,182.55316692796467,366.5234683324548,188.6083530498886,380.7339860356081,121880000,38024400
2025-04-11,197.66615295410156,387.101806640625,199.05275825525484,388.6962291414208,185.60567786476867,377.57498926356885,185.64558871717136,379.3189154840166,87435900,23839200
2025-04-14,202.02549743652344,386.4640197753906,212.42005238891582,393.28027643878613,200.66881763194172,382.8765082652718,210.9237150406947,391.8552468593249,101352900,19251200
2025-04-15,201.64642333984375,384.3912658691406,203.01307326666696,390.5298901348079,199.31214069618733,382.82670753665025,201.36710824854455,387.16161616456134,51343900,17199900
2025-04-16,193.79563903808594,370.32025146484375,200.2099310657198,380.2855448116978,191.9002692932641,366.72279516422714,197.8756484915953,379.34883521582236,59732400,21967800
2025-04-17,196.4990234375,366.5035400390625,198.34451232255947,373.02085009277744,193.9452767059697,365.61664478749583,196.71848747425943,372.45282110026085,52164700,21120200
2025-04-21,192.68833923339844,357.87359619140625,193.32677585155812,363.21500903617533,189.3465132845993,354.43558836453434,192.79807124065385,361.5607667541322,46742500,20807300
2025-04-22,199.25228881835938,365.5469055175781,201.097762433896,366.4935901583944,195.49148998245192,358.611039306251,195.64111763020085,362.1188421014038,52976400,19485000
2025-04-23,204.10043334960938,373.09063720703125,207.4921254657249,379.069813295219,202.30482537338813,371.7253664544321,205.49700887470834,374.75482418771264,52929200,20545500
2025-04-24,207.8612060546875,385.9557800292969,208.32008954356945,387.10181303671203,202.44447210591895,373.8878249819962,204.38970763388747,374.3960646492269,47311000,22232300
2025-04-25,208.76898193359375,390.4900207519531,209.2378355121778,390.79894240871675,205.69650080604464,383.2651831703409,205.86608387594285,385.65684745985266,38222300,18973200
2025-04-28,209.62689208984375,389.80242919921875,210.98357193193158,391.37693221129894,206.95344326011445,385.2981274275963,209.48723454234343,390.59964052478745,38743100,16579400
2025-04-29,210.69427490234375,392.67242431640625,211.72175863443914,393.7287429695286,207.86119803545407,389.02512333213684,208.18042396697467,389.9419132819562,36827600,14974000
2025-04-30,211.9811248779297,393.88818359375,213.0584895980106,395.2833185411371,206.16535854293033,383.10572919383554,208.78894157113288,388.94537633492024,52286500,36461100
2025-05-01,212.79913330078125,423.9235534667969,214.0360957896086,435.47332427713997,208.3899124386699,423.4252888222868,208.56948083895412,429.6137271918364,57365700,58938100
2025-05-02,204.8485870361328,433.769287109375,206.48458191182934,437.91485278651635,201.66637387157866,428.49763841940904,205.58677037884885,430.2415647531947,101010600,30757400
2025-05-05,198.40435791015625,434.65618896484375,203.60164304236298,437.97461808249534,197.72602561272546,430.6102521137275,202.6040848015313,431.367624097433,69018500,20136100
2025-05-06,198.0252685546875,431.8061218261719,200.16004244803628,436.2107948487266,196.53891661034845,429.6735648726689,197.72601327833053,430.6999888667604,51216500,15104200
2025-05-07,195.7707977294922,431.8459777832031,198.95301083885846,436.5994115910065,192.77812311451905,429.6137314736212,198.6836658614824,432.3342674079582,68536700,23295300
2025-05-08,197.00778198242188,436.6492614746094,199.56152863729463,442.1301726837614,194.20463054641704,434.147963172883,197.2372161152265,436.41007376009867,50478900,23491300
2025-05-09,198.0452423095703,437.2073059082031,200.0503289543839,439.21030909915044,197.05765414160055,434.3671913522403,198.51409591462888,438.4728871570268,36453900,15324200
2025-05-12,210.55104064941406,447.7007751464844,211.03050749278242,447.8103787748487,206.5156271207593,438.2536661790282,210.7308445260501,444.39229048229146,63775800,22821900
2025-05-13,212.68861389160156,447.5812072753906,213.1580823159532,449.1058959658508,208.76307628033234,443.8142971336702,210.19144790738707,446.22591154405814,51909300,23618800
2025-05-14,212.08929443359375,451.36798095703125,213.69746987061376,452.32464056421765,210.34127831689767,446.5846525094385,212.18917192393894,446.5846525094385,49325800,19902800
2025-05-15,211.21029663085938,452.3863220214844,212.71859464512332,455.44129747226026,209.30245815432872,449.6907411096269,210.71086343228015,450.0301794411029,45029500,21992300
2025-05-16,211.0205078125,453.5244445800781,212.32903558469047,453.6142932166669,209.53220664773164,447.99355872232604,212.11926693678467,451.30808680840903,54737900,23849800
2025-05-19,208.54331970214844,458.11688232421875,209.24252311349682,458.83570185482216,204.02843943795537,450.0601197660991,207.67431083672193,450.14000552921704,46140500,21336500
2025-05-20,206.62550354003906,457.4180603027344,208.2336790492342,457.58776423526933,204.79757620413463,453.57437286704067,207.4345828831543,454.8422775622727,42496600,15441800
2025-05-21,201.86090087890625,451.8272399902344,206.80528635778637,457.02868069868646,200.4824756537251,451.06847756848606,204.93741112479617,453.8239575485261,59211800,19216900
2025-05-22,201.13172912597656,454.11346435546875,202.52015274475195,459.49463285512667,199.4736073247078,453.1550484484722,200.48247209416806,454.2033434579146,46742400,18025600
2025-05-23,195.04864501953125,449.441162109375,197.4758830409797,452.94541128469075,193.24069928507132,448.17325738802526,193.45045269257122,449.24150862772166,78432900,16883500
2025-05-27,199.98304748535156,459.93389892578125,200.51244545494848,460.19348195260824,197.20618488735448,455.3713920868909,198.07520901450675,455.7308170830738,56288500,20974300
2025-05-28,200.1927947998047,456.609375,202.50017366149785,461.7609101640183,199.67338002302156,456.1800880198718,200.36260025266836,460.4630558858422,45339700,17086300
2025-05-29,199.72332763671875,457.9272155761719,203.57895243464628,460.9622349154345,198.28495762525483,454.56275123248776,203.3492174371598,460.79250051058557,51396800,13974800
2025-05-30,200.622314453125,459.60443115234375,201.73105672211125,460.9222720478794,196.55692105301176,454.79236501090486,199.14398126681596,458.96549737927586,70819900,34770500
2025-06-02,201.47134399414062,461.2118225097656,201.9008644592711,461.35157690062545,199.89313329888972,456.1401731404802,200.05295557621693,456.3897628439735,35423300,16626500
2025-06-03,203.03956604003906,462.2101745605469,203.5389992121068,463.3782677615003,200.7321872237246,460.1036216507913,201.1217444882778,460.7126363614999,46381600,15743800
2025-06-04,202.590087890625,463.1086730957031,206.00620910456834,464.9256933509807,201.8709028727957,462.2600620562611,202.67998220748078,463.2384646092932,43604000,14162700
2025-06-05,200.40257263183594,466.91241455078125,204.5178973620389,468.8791825139859,199.92310578136215,463.26841119380083,203.26931435006063,464.1968775224098,55126100,20131700
2025-06-06,203.68882751464844,469.6080017089844,205.4668084267123,472.56313512848675,201.82095228760733,468.0106215882427,202.76987228695742,469.31846913564885,46607700,15285600
2025-06-09,201.2216339111328,471.97412109375,205.76647909477697,472.6529977632414,199.79326227022588,467.8508943889836,204.15830357568726,468.92913895110996,72862600,16469900
2025-06-10,202.44024658203125,470.1471252441406,204.11835001917973,472.02401413852874,200.34263633745982,466.19360257943936,200.3726011094186,470.4166711436691,54672600,15375900
2025-06-11,198.55465698242188,471.8443298339844,204.26817387189894,474.68965849935887,198.18508130061548,468.88919632531986,203.26930749599725,469.24859086789724,60989900,16399200
2025-06-12,198.97418212890625,478.0840759277344,199.45363372918547,479.6315503555016,197.13627162659284,472.7428502291372,198.85432303920933,474.2403884361742,43904600,18950600
2025-06-13,196.227294921875,474.18048095703125,200.1428492549886,478.3935562569989,195.47814514596445,471.98410990605987,199.50357538920457,475.62811338522215,51447300,16814500
2025-06-16,198.195068359375,478.3536376953125,198.46476655376847,479.90108160832807,196.33717625414866,474.2204177457221,197.07634287373045,474.4300645574067,43020700,15626100
2025-06-17,195.418212890625,477.25543212890625,198.16509536417735,477.9542649832925,194.98870767431248,473.30190948641297,196.97644196425614,474.6197503672441,38856200,15414100
2025-06-18,196.35714721679688,479.4518127441406,197.3460303816964,480.2105751696819,194.84886452825484,473.68130019053103,195.71787336797544,477.21549881727225,45394700,17526500
2025-06-20,200.7721405029297,476.6164855957031,201.47134391409438,482.666537493529,196.6368343380514,476.0873566497709,198.01527480684123,481.4385756672578,96813500,37576200
2025-06-23,201.27157592773438,485.2023620605469,202.07067208145295,486.94948990747275,198.73446202428119,471.7345120072702,201.40143343464243,477.425138713905,55814300,24864000
2025-06-24,200.07293701171875,489.30560302734375,203.2093768046809,491.0427680081874,199.9730442780961,486.0010379300524,202.36033429336192,488.1475336634371,54064000,22305600
2025-06-25,201.33151245117188,491.4620666503906,203.43912119943792,493.7483167920849,200.39257558111612,488.58681895090325,201.2216365357081,491.2324636297239,39525700,17495100
2025-06-26,200.7721405029297,496.6335754394531,202.41028074115465,497.2226034494893,199.23389299836737,492.0011761864687,201.20164572639828,492.1709105807123,50799100,21578900
2025-06-27,200.85205078125,495.1260681152344,202.98962419564972,498.4805390751374,199.77327327657756,492.22084033701867,201.66113009938155,496.73341116664807,73188600,34539200
2025-06-30,204.93740844726562,496.5936584472656,207.15489297707504,499.9381665482639,199.0341046248948,494.51705506439515,201.78098710410558,496.22427056302723,91912800,28369000
2025-07-01,207.58441162109375,491.242431640625,209.95171998702364,497.2325843953567,205.90630823197938,490.1742108879921,206.4357061767528,495.655190908974,78788900,19945400
2025-07-02,212.1991729736328,490.2840270996094,213.09814660534315,492.69007550131784,207.9040445567577,487.8979653734086,208.6731759252599,489.1858263089447,67941800,16319600
2025-07-03,213.30792236328125,498.02130126953125,214.40666625629999,499.3091926553608,211.56988934364432,492.6301698307581,211.90950026104147,492.99955771280014,34955800,13984800
2025-07-07,209.7119903564453,496.90313720703125,215.9848699115094,497.9314455400232,208.56330013289198,494.41723357438383,212.43889126622693,496.56369887519327,50229000,13981600
2025-07-08,209.7719268798828,495.804931640625,211.1903153368944,497.3823555722493,208.213697736729,493.2990413573122,209.86183643928914,496.42390920841734,42848900,11846600
2025-07-09,210.90065002441406,502.68365478515625,211.09043707809712,505.94827712953634,206.98509558510867,498.919822567675,209.2924745188519,499.47890106455674,48749400,18659500
2025-07-10,212.16920471191406,500.656982421875,213.23798377907798,503.6121159415126,209.7918979255535,496.93309312638246,210.27134950514616,502.22438258392543,44443600,16492100
2025-07-11,210.92062377929688,502.49395751953125,211.88952536572023,504.20114253320645,209.6220944658076,496.9829974553982,210.33129628612954,497.6519112557523,39765800,16459500
2025-07-14,208.3834991455078,502.1944274902344,210.67091168904602,503.14288052756655,207.3047216270235,500.20770324807717,209.69201166358403,500.6968893054946,38840100,12058800
2025-07-15,208.87295532226562,504.9898376464844,211.64980271899068,507.465747883617,208.6831682659836,501.9648118083004,208.9828312368767,502.19441482497484,42296300,14927200
2025-07-16,209.92176818847656,504.7901611328125,212.1592191902425,505.88836188358,208.40348697906978,501.06630238508603,210.06160887608695,504.35088083250554,47490500,15154400
2025-07-17,209.78192138671875,510.8601989746094,211.5599023237274,512.5274410723513,209.35240091776063,504.7901605415637,210.33130094399476,504.85005963085433,48068100,17503100
2025-07-18,210.9405975341797,509.212890625,211.54990664350106,513.7953843002441,209.46227954032304,506.59719545986655,210.63095139102305,513.6356127696338,48974600,21209700
2025-07-21,212.23912048339844,509.2228698730469,215.53538252867688,511.24956741731427,211.39009321998003,504.7202620876888,211.8595616297783,505.8783619126309,51377400,14066800
2025-07-22,214.15695190429688,504.44073486328125,214.7063314773177,510.3610256433726,211.9894136266437,504.44073486328125,212.89838571641525,510.13139215337156,46404100,13868600
2025-07-23,213.9072265625,505.0397644042969,214.90609293027538,505.95826791167354,212.1692088371252,499.87826643817476,214.75626907170553,505.9183250285286,46989300,16396600
2025-07-24,213.51766967773438,510.0415344238281,215.44548969662856,512.826933461713,213.28793468034502,506.4673929575042,213.65751035981805,507.93498157135946,46022600,16107000
2025-07-25,213.63754272460938,512.866943359375,214.9960015887686,517.4393829887753,213.15807589620647,509.52240467312413,214.45660521718813,511.6289272082179,40268800,19125700
2025-07-28,213.80735778808594,511.65887451171875,214.60645396318566,514.1547714605564,212.81847455673218,509.2827757416266,213.78737619229818,513.2362984451797,37858000,14308000
2025-07-29,211.03050231933594,511.728759765625,214.5664825639156,516.7704593446111,210.58101550100253,510.7204076628311,213.93719187335407,514.6839236482208,51411700,16469200
2025-07-30,208.81301879882812,512.3976440429688,212.14922883427738,515.1032182392812,207.48452469073794,508.6038929137552,211.65977882345743,514.3244691518986,45512500,26380400
2025-07-31,207.33470153808594,532.6243896484375,209.60211724381097,554.5383762548963,206.92516266487007,531.0270400328567,208.25365677749065,554.3187056451394,80698400,51617300
2025-08-01,202.1505889892578,523.2498168945312,213.33788973606855,534.9206337229102,201.27158167093614,520.0051507892547,210.63095505795985,534.1219588686084,104434500,28977600
2025-08-04,203.11949157714844,534.7609252929688,207.64435521756303,537.3666271513684,201.4513712516652,527.2632409127965,204.27816503495924,527.4030257699867,75109300,25349000
2025-08-05,202.68995666503906,526.8838500976562,205.1072113881769,536.4181643311854,201.93082373064988,526.374677366439,203.1694082424696,536.2983661514853,44155100,19171600
2025-08-06,213.0082550048828,524.0784912109375,215.1358452662651,530.8274067099719,205.35693489516686,523.1700114791388,205.39689808550258,530.0287318260303,108483100,21355700
2025-08-07,219.7805633544922,519.9852294921875,220.59964108330854,527.2233308658066,216.33447747046458,516.7005900083886,218.63187314031333,525.9354090023164,90224800,16079100
2025-08-08,229.0900115966797,521.1832275390625,230.73813503605493,523.7989228282858,219.00145500716468,518.5575389118288,220.57966572513484,521.7423060527517,113854000,15531000
2025-08-11,227.17999267578125,520.9136962890625,229.55999755859375,526.7241518809952,224.75999450683594,518.8670119786243,227.9199981689453,521.4427947726738,61806100,20194400
2025-08-12,229.64999389648438,528.3713989257812,230.8000030517578,530.1085334795151,227.07000732421875,521.8421543429575,228.00999450683594,522.8904188907295,55626200,18667000
2025-08-13,233.3300018310547,519.7256469726562,235.0,531.825750889051,230.42999267578125,518.5176108745642,231.07000732421875,531.236692379076,69878500,19619200
2025-08-14,232.77999877929688,521.6224975585938,235.1199951171875,525.0868343553949,230.85000610351562,519.2863720398742,234.05999755859375,521.7023833261101,51916300,20269100
2025-08-15,231.58999633789062,519.3162841796875,234.27999877929688,525.2365445998882,229.33999633789062,518.2281072023833,234.0,521.9120536418995,56038700,25213300
2025-08-18,230.88999938964844,516.2512817382812,233.1199951171875,521.9619254356152,230.11000061035156,513.176380682391,231.6999969482422,520.7339636806648,37476200,23760600
2025-08-19,230.55999755859375,508.933349609375,232.8699951171875,514.314487646487,229.35000610351562,507.7153506663982,231.27999877929688,514.1547770514178,39402600,21481000
2025-08-20,226.00999450683594,504.8900146484375,230.47000122070312,510.161347905157,225.77000427246094,503.6121166003689,229.97999572753906,509.0331975839143,42263900,27723000
2025-08-21,224.89999389648438,504.239990234375,226.52000427246094,507.6300048828125,223.77999877929688,502.7200012207031,226.27000427246094,503.69000244140625,30621200,18443300
2025-08-22,227.75999450683594,507.2300109863281,229.08999633789062,510.7300109863281,225.41000366210938,502.4100036621094,226.1699981689453,504.25,42477800,24324200
2025-08-25,227.16000366210938,504.260009765625,229.3000030517578,508.19000244140625,226.22999572753906,504.1199951171875,226.47999572753906,506.6300048828125,30983100,21638600
2025-08-26,229.30999755859375,502.0400085449219,229.49000549316406,504.9800109863281,224.69000244140625,498.510009765625,226.8699951171875,504.3599853515625,54575100,30835700
2025-08-27,230.49000549316406,506.739990234375,230.89999389648438,507.2900085449219,228.25999450683594,499.8999938964844,228.61000061035156,502.0,31259500,17277900
2025-08-28,232.55999755859375,509.6400146484375,233.41000366210938,511.0899963378906,229.33999633789062,505.5,230.82000732421875,507.0899963378906,38074700,18015600
2025-08-29,232.13999938964844,506.69000244140625,233.3800048828125,509.6000061035156,231.3699951171875,504.489990234375,232.50999450683594,508.6600036621094,39418400,20961600
2025-09-02,229.72000122070312,505.1199951171875,230.85000610351562,506.0,226.97000122070312,496.80999755859375,229.25,500.4700012207031,44075600,18128000
2025-09-03,238.47000122070312,505.3500061035156,238.85000610351562,507.7900085449219,234.36000061035156,502.32000732421875,237.2100067138672,503.7900085449219,66427800,16345100
2025-09-04,239.77999877929688,507.9700012207031,239.89999389648438,508.1499938964844,236.74000549316406,503.1499938964844,238.4499969482422,504.29998779296875,47549400,15509500
2025-09-05,239.69000244140625,495.0,241.32000732421875,511.9700012207031,238.49000549316406,492.3699951171875,240.0,509.07000732421875,54870400,31994800
2025-09-08,237.8800048828125,498.20001220703125,240.14999389648438,501.20001220703125,236.33999633789062,495.0299987792969,239.3000030517578,498.1099853515625,48999500,16771000
2025-09-09,234.35000610351562,498.4100036621094,238.77999877929688,502.25,233.36000061035156,497.70001220703125,237.0,501.42999267578125,66313900,14410500
2025-09-10,226.7899932861328,500.3699951171875,232.4199981689453,503.2300109863281,225.9499969482422,496.7200012207031,232.19000244140625,502.9800109863281,83440800,21611800
2025-09-11,230.02999877929688,501.010009765625,230.4499969482422,503.1700134277344,226.64999389648438,497.8800048828125,226.8800048828125,502.25,50208600,18881600
2025-09-12,234.07000732421875,509.8999938964844,234.50999450683594,512.5499877929688,229.02000427246094,503.8500061035156,229.22000122070312,506.6499938964844,55824200,23624900
2025-09-15,236.6999969482422,515.3599853515625,238.19000244140625,515.469970703125,235.02999877929688,507.0,237.0,508.7900085449219,42699500,17143800
2025-09-16,238.14999389648438,509.0400085449219,241.22000122070312,517.22998046875,236.32000732421875,508.6000061035156,237.17999267578125,516.8800048828125,63421100,19711900
2025-09-17,238.99000549316406,510.0199890136719,240.10000610351562,511.2900085449219,237.72999572753906,505.92999267578125,238.97000122070312,510.6199951171875,46508000,15816600
2025-09-18,237.8800048828125,508.45001220703125,241.1999969482422,513.0700073242188,236.64999389648438,507.6600036621094,239.97000122070312,511.489990234375,44249600,18913700
2025-09-19,245.5,517.9299926757812,246.3000030517578,519.2999877929688,240.2100067138672,510.30999755859375,241.22999572753906,510.55999755859375,163741300,52474100
2025-09-22,256.0799865722656,514.4500122070312,256.6400146484375,517.739990234375,248.1199951171875,512.5399780273438,248.3000030517578,515.5900268554688,105517400,20009300
2025-09-23,254.42999267578125,509.2300109863281,257.3399963378906,514.5900268554688,253.5800018310547,507.30999755859375,255.8800048828125,513.7999877929688,60275200,19799600
2025-09-24,252.30999755859375,510.1499938964844,255.74000549316406,512.47998046875,251.0399932861328,506.9200134277344,255.22000122070312,510.3800048828125,42303700,13533700
2025-09-25,256.8699951171875,507.0299987792969,257.1700134277344,510.010009765625,251.7100067138672,505.0400085449219,253.2100067138672,508.29998779296875,55202100,15786500
2025-09-26,255.4600067138672,511.4599914550781,257.6000061035156,513.9400024414062,253.77999877929688,506.6199951171875,254.10000610351562,510.05999755859375,46076300,16213100
2025-09-29,254.42999267578125,514.5999755859375,255.0,516.8499755859375,253.00999450683594,508.8800048828125,254.55999755859375,511.5,40127700,17617800
2025-09-30,254.6300048828125,517.9500122070312,255.9199981689453,518.1599731445312,253.11000061035156,509.6600036621094,254.86000061035156,513.239990234375,37704300,19728200
2025-10-01,255.4499969482422,519.7100219726562,258.7900085449219,520.510009765625,254.92999267578125,511.69000244140625,255.0399932861328,514.7999877929688,48713900,22632300
2025-10-02,257.1300048828125,515.739990234375,258.17999267578125,521.5999755859375,254.14999389648438,510.67999267578125,256.5799865722656,517.6400146484375,42630200,21222900
2025-10-03,258.0199890136719,517.3499755859375,259.239990234375,520.489990234375,253.9499969482422,515.0,254.6699981689453,517.0999755859375,49155600,15112300
2025-10-06,256.69000244140625,528.5700073242188,259.07000732421875,531.030029296875,255.0500030517578,518.2000122070312,257.989990234375,518.6099853515625,44664100,21388600
2025-10-07,256.4800109863281,523.97998046875,257.3999938964844,529.7999877929688,255.42999267578125,521.4400024414062,256.80999755859375,528.2899780273438,31955800,14615200
2025-10-08,258.05999755859375,524.8499755859375,258.5199890136719,526.9500122070312,256.1099853515625,523.0900268554688,256.5199890136719,523.280029296875,36496900,13363400
2025-10-09,254.0399932861328,522.4000244140625,258.0,524.3300170898438,253.13999938964844,517.4000244140625,257.80999755859375,522.3400268554688,38322000,18343600
2025-10-10,245.27000427246094,510.9599914550781,256.3800048828125,523.5800170898438,244.0,509.6300048828125,254.94000244140625,519.6400146484375,61999100,24133800
2025-10-13,247.66000366210938,514.0499877929688,249.69000244140625,516.4099731445312,245.55999755859375,511.67999267578125,249.3800048828125,516.4099731445312,38142900,14284200
2025-10-14,247.77000427246094,513.5700073242188,248.85000610351562,515.280029296875,244.6999969482422,506.0,246.60000610351562,510.2300109863281,35478000,14684300
2025-10-15,249.33999633789062,513.4299926757812,251.82000732421875,517.1900024414062,247.47000122070312,510.0,249.49000549316406,514.9600219726562,33893600,14694700
2025-10-16,247.4499969482422,511.6099853515625,249.0399932861328,516.8499755859375,245.1300048828125,508.1300048828125,248.25,512.5800170898438,39777000,15559600
2025-10-17,252.2899932861328,513.5800170898438,253.3800048828125,515.47998046875,247.27000427246094,507.30999755859375,248.02000427246094,509.0400085449219,49147000,19867800
2025-10-20,262.239990234375,516.7899780273438,264.3800048828125,518.7000122070312,255.6300048828125,513.4299926757812,255.88999938964844,514.6099853515625,90483000,14665600
2025-10-21,262.7699890136719,517.6599731445312,265.2900085449219,518.6900024414062,261.8299865722656,513.0399780273438,261.8800048828125,517.5,46695900,15586200
2025-10-22,258.45001220703125,520.5399780273438,262.8500061035156,525.22998046875,255.42999267578125,517.7100219726562,262.6499938964844,521.1500244140625,45015300,18962700
2025-10-23,259.5799865722656,520.5599975585938,260.6199951171875,523.9500122070312,258.010009765625,518.6099853515625,259.94000244140625,522.4600219726562,32754900,14023500
2025-10-24,262.82000732421875,523.6099853515625,264.1300048828125,525.3499755859375,259.17999267578125,520.7100219726562,261.19000244140625,522.7899780273438,38253700,15532400
2025-10-27,268.80999755859375,531.52001953125,269.1199951171875,534.5800170898438,264.6499938964844,529.010009765625,264.8800048828125,531.780029296875,44888200,18734700
2025-10-28,269.0,542.0700073242188,269.8900146484375,553.719970703125,268.1499938964844,540.77001953125,268.989990234375,550.0,41534800,29986700
2025-10-29,269.70001220703125,541.5499877929688,271.4100036621094,546.27001953125,267.1099853515625,536.72998046875,269.2799987792969,544.9400024414062,51086700,36023000
2025-10-30,271.3999938964844,525.760009765625,274.1400146484375,534.969970703125,268.4800109863281,522.1199951171875,271.989990234375,530.47998046875,69886500,41023100
2025-10-31,270.3699951171875,517.8099975585938,277.32000732421875,529.3200073242188,269.1600036621094,515.0999755859375,276.989990234375,528.8800048828125,86167100,34006400
2025-11-03,269.04998779296875,517.030029296875,270.8500061035156,524.9600219726562,266.25,514.5900268554688,270.4200134277344,519.8099975585938,50194600,22374700
2025-11-04,270.0400085449219,514.3300170898438,271.489990234375,515.5499877929688,267.6199951171875,507.8399963378906,268.3299865722656,511.760009765625,49274800,20958700
